{
  "stage": "calibration",
  "temperature": 2.9738171100616455,
  "ece_before": 0.0394058347446844,
  "ece_after": 0.03046780824661255,
  "nll_before": 1.7974029779434204,
  "nll_after": 1.7932952642440796
}